Node,Total Hops,Total Execution Time (s)
node1,4,0.00020854199829045683
node2,1,0.00014545900921802968
node3,2,0.00018762500258162618
