Node,Total Hops,Total Execution Time (s)
node1,7,0.0006251660088310018
node2,4,0.00047737499698996544
node3,3,0.00027750100707635283
